"","Alternatives","Objective1","H1","H2","H3","H4","H5","H6","H7","H8","Objective2","WaterCost"
"1","Alt F74","DeltaSmelt",0.916,0.892,0.929,0.91,0.918089394,0.902328197,0.93261771,0.916631991,"WaterCost",1577.62092
"2","Alt F80","DeltaSmelt",0.898,0.863,0.941,0.912,0.903264373,0.875769494,0.94489904,0.917098781,"WaterCost",897.97344
"3","Alt NoX2","DeltaSmelt",0.871,0.864,0.921,0.916,0.852809209,0.872625193,0.909027272,0.915749249,"WaterCost",0
"4","Alt S74","DeltaSmelt",0.922,0.916,0.922,0.915,0.954144555,0.939802597,0.935997574,0.921669484,"WaterCost",1059.55932
"5","Alt S74F80","DeltaSmelt",0.957,0.912,0.943,0.916,0.98144085,0.938158333,0.954267913,0.917265542,"WaterCost",1704.66936
